site,year_open,year_close,source,extent_ha,cond_open,cond_close,dcond,deforestation_ha,degradation_ha,burned_ha,carbon_stock_open_tco2,carbon_stock_close_tco2,dcarbon_tco2,sediment_flow_open_t,sediment_flow_close_t,carbon_value_loss_usd,sediment_value_loss_usd,flow_value_loss_usd,nca_open_usd,nca_close_usd,dK_usd
Murrumbidgee,2020,2026,offline_sample,3818237.1965637207,0.5281686690901535,0.44800598234140204,-0.08016268674875143,114833.76334269857,974834.3623795193,4602.672401863616,363001186.5083242,307906759.0906219,-55094427.41770232,24200079.100554954,20527117.27270813,1377360685.4425578,66113312.90124285,1443473998.3438005,23595077123.041077,20013939340.890427,-3581137782.15065
Rio_Sinu,2020,2026,offline_sample,2755781.230589005,0.5209285426145795,0.4410603535000943,-0.07986818911448523,78759.43366841441,708204.1547482304,2607.092838997167,258401718.03876176,218783851.8718521,-39617866.166909665,17226781.202584118,14585590.124790138,990446654.1727417,47541439.40029164,1037988093.5730333,16796111672.519514,14220950371.670385,-2575161300.8491287
Magdalena_Medio,2020,2026,offline_sample,3935927.4399075876,0.5142427215939035,0.43516188737522926,-0.07908083421867423,112007.21245464555,1017674.1099431468,2822.7018688302096,364323966.96495646,308297810.39798516,-56026156.5669713,24288264.46433043,20553187.35986568,1400653914.1742826,67231387.88036552,1467885302.0546482,23681057852.722168,20039357675.869034,-3641700176.853134
Myanmar,2020,2026,offline_sample,4627624.6348024225,0.5135299740310366,0.43503407799130084,-0.07849589603973578,123853.35707768935,1207676.1494297155,3389.3735118181803,427756312.5363852,362371394.9323984,-65384917.6039868,28517087.502425686,24158092.995493226,1634622940.09967,78461901.12478428,1713084841.2244542,27804160314.86504,23554140670.605896,-4250019644.259144
