{
  "site": "Magdalena_Medio",
  "year_open": 2020,
  "year_close": 2026,
  "source": "offline_sample",
  "extent_ha": 3935927.4399075876,
  "cond_open": 0.5142427215939035,
  "cond_close": 0.43516188737522926,
  "dcond": -0.07908083421867423,
  "deforestation_ha": 112007.21245464555,
  "degradation_ha": 1017674.1099431468,
  "burned_ha": 2822.7018688302096,
  "carbon_stock_open_tco2": 364323966.96495646,
  "carbon_stock_close_tco2": 308297810.39798516,
  "dcarbon_tco2": -56026156.5669713,
  "sediment_flow_open_t": 24288264.46433043,
  "sediment_flow_close_t": 20553187.35986568,
  "carbon_value_loss_usd": 1400653914.1742826,
  "sediment_value_loss_usd": 67231387.88036552,
  "flow_value_loss_usd": 1467885302.0546482,
  "nca_open_usd": 23681057852.722168,
  "nca_close_usd": 20039357675.869034,
  "dK_usd": -3641700176.853134
}