{
  "site": "Murrumbidgee",
  "year_open": 2020,
  "year_close": 2026,
  "source": "offline_sample",
  "extent_ha": 3818237.1965637207,
  "cond_open": 0.5281686690901535,
  "cond_close": 0.44800598234140204,
  "dcond": -0.08016268674875143,
  "deforestation_ha": 114833.76334269857,
  "degradation_ha": 974834.3623795193,
  "burned_ha": 4602.672401863616,
  "carbon_stock_open_tco2": 363001186.5083242,
  "carbon_stock_close_tco2": 307906759.0906219,
  "dcarbon_tco2": -55094427.41770232,
  "sediment_flow_open_t": 24200079.100554954,
  "sediment_flow_close_t": 20527117.27270813,
  "carbon_value_loss_usd": 1377360685.4425578,
  "sediment_value_loss_usd": 66113312.90124285,
  "flow_value_loss_usd": 1443473998.3438005,
  "nca_open_usd": 23595077123.041077,
  "nca_close_usd": 20013939340.890427,
  "dK_usd": -3581137782.15065
}