{
  "site": "Myanmar",
  "year_open": 2020,
  "year_close": 2026,
  "source": "offline_sample",
  "extent_ha": 4627624.6348024225,
  "cond_open": 0.5135299740310366,
  "cond_close": 0.43503407799130084,
  "dcond": -0.07849589603973578,
  "deforestation_ha": 123853.35707768935,
  "degradation_ha": 1207676.1494297155,
  "burned_ha": 3389.3735118181803,
  "carbon_stock_open_tco2": 427756312.5363852,
  "carbon_stock_close_tco2": 362371394.9323984,
  "dcarbon_tco2": -65384917.6039868,
  "sediment_flow_open_t": 28517087.502425686,
  "sediment_flow_close_t": 24158092.995493226,
  "carbon_value_loss_usd": 1634622940.09967,
  "sediment_value_loss_usd": 78461901.12478428,
  "flow_value_loss_usd": 1713084841.2244542,
  "nca_open_usd": 27804160314.86504,
  "nca_close_usd": 23554140670.605896,
  "dK_usd": -4250019644.259144
}