{
  "accounts": [
    {
      "site": "Murrumbidgee",
      "year_open": 2020,
      "year_close": 2026,
      "source": "offline_sample",
      "extent_ha": 3818237.1965637207,
      "cond_open": 0.5281686690901535,
      "cond_close": 0.44800598234140204,
      "dcond": -0.08016268674875143,
      "deforestation_ha": 114833.76334269857,
      "degradation_ha": 974834.3623795193,
      "burned_ha": 4602.672401863616,
      "carbon_stock_open_tco2": 363001186.5083242,
      "carbon_stock_close_tco2": 307906759.0906219,
      "dcarbon_tco2": -55094427.41770232,
      "sediment_flow_open_t": 24200079.100554954,
      "sediment_flow_close_t": 20527117.27270813,
      "carbon_value_loss_usd": 1377360685.4425578,
      "sediment_value_loss_usd": 66113312.90124285,
      "flow_value_loss_usd": 1443473998.3438005,
      "nca_open_usd": 23595077123.041077,
      "nca_close_usd": 20013939340.890427,
      "dK_usd": -3581137782.15065
    },
    {
      "site": "Rio_Sinu",
      "year_open": 2020,
      "year_close": 2026,
      "source": "offline_sample",
      "extent_ha": 2755781.230589005,
      "cond_open": 0.5209285426145795,
      "cond_close": 0.4410603535000943,
      "dcond": -0.07986818911448523,
      "deforestation_ha": 78759.43366841441,
      "degradation_ha": 708204.1547482304,
      "burned_ha": 2607.092838997167,
      "carbon_stock_open_tco2": 258401718.03876176,
      "carbon_stock_close_tco2": 218783851.8718521,
      "dcarbon_tco2": -39617866.166909665,
      "sediment_flow_open_t": 17226781.202584118,
      "sediment_flow_close_t": 14585590.124790138,
      "carbon_value_loss_usd": 990446654.1727417,
      "sediment_value_loss_usd": 47541439.40029164,
      "flow_value_loss_usd": 1037988093.5730333,
      "nca_open_usd": 16796111672.519514,
      "nca_close_usd": 14220950371.670385,
      "dK_usd": -2575161300.8491287
    },
    {
      "site": "Magdalena_Medio",
      "year_open": 2020,
      "year_close": 2026,
      "source": "offline_sample",
      "extent_ha": 3935927.4399075876,
      "cond_open": 0.5142427215939035,
      "cond_close": 0.43516188737522926,
      "dcond": -0.07908083421867423,
      "deforestation_ha": 112007.21245464555,
      "degradation_ha": 1017674.1099431468,
      "burned_ha": 2822.7018688302096,
      "carbon_stock_open_tco2": 364323966.96495646,
      "carbon_stock_close_tco2": 308297810.39798516,
      "dcarbon_tco2": -56026156.5669713,
      "sediment_flow_open_t": 24288264.46433043,
      "sediment_flow_close_t": 20553187.35986568,
      "carbon_value_loss_usd": 1400653914.1742826,
      "sediment_value_loss_usd": 67231387.88036552,
      "flow_value_loss_usd": 1467885302.0546482,
      "nca_open_usd": 23681057852.722168,
      "nca_close_usd": 20039357675.869034,
      "dK_usd": -3641700176.853134
    },
    {
      "site": "Myanmar",
      "year_open": 2020,
      "year_close": 2026,
      "source": "offline_sample",
      "extent_ha": 4627624.6348024225,
      "cond_open": 0.5135299740310366,
      "cond_close": 0.43503407799130084,
      "dcond": -0.07849589603973578,
      "deforestation_ha": 123853.35707768935,
      "degradation_ha": 1207676.1494297155,
      "burned_ha": 3389.3735118181803,
      "carbon_stock_open_tco2": 427756312.5363852,
      "carbon_stock_close_tco2": 362371394.9323984,
      "dcarbon_tco2": -65384917.6039868,
      "sediment_flow_open_t": 28517087.502425686,
      "sediment_flow_close_t": 24158092.995493226,
      "carbon_value_loss_usd": 1634622940.09967,
      "sediment_value_loss_usd": 78461901.12478428,
      "flow_value_loss_usd": 1713084841.2244542,
      "nca_open_usd": 27804160314.86504,
      "nca_close_usd": 23554140670.605896,
      "dK_usd": -4250019644.259144
    }
  ],
  "ai": [
    {
      "site": "Murrumbidgee",
      "role": "reference",
      "R2": 0.8049784336447658,
      "RMSE": 0.10707777572471316
    },
    {
      "site": "Rio_Sinu",
      "role": "transfer",
      "R2": 0.8026744174617477,
      "RMSE": 0.10647090152614364
    },
    {
      "site": "Magdalena_Medio",
      "role": "transfer",
      "R2": 0.8028976149042688,
      "RMSE": 0.1068596805343313
    },
    {
      "site": "Myanmar",
      "role": "transfer",
      "R2": 0.8084136491540111,
      "RMSE": 0.10736929871963602
    }
  ]
}