{
  "site": "Rio_Sinu",
  "year_open": 2020,
  "year_close": 2026,
  "source": "offline_sample",
  "extent_ha": 2755781.230589005,
  "cond_open": 0.5209285426145795,
  "cond_close": 0.4410603535000943,
  "dcond": -0.07986818911448523,
  "deforestation_ha": 78759.43366841441,
  "degradation_ha": 708204.1547482304,
  "burned_ha": 2607.092838997167,
  "carbon_stock_open_tco2": 258401718.03876176,
  "carbon_stock_close_tco2": 218783851.8718521,
  "dcarbon_tco2": -39617866.166909665,
  "sediment_flow_open_t": 17226781.202584118,
  "sediment_flow_close_t": 14585590.124790138,
  "carbon_value_loss_usd": 990446654.1727417,
  "sediment_value_loss_usd": 47541439.40029164,
  "flow_value_loss_usd": 1037988093.5730333,
  "nca_open_usd": 16796111672.519514,
  "nca_close_usd": 14220950371.670385,
  "dK_usd": -2575161300.8491287
}